ManufacturerName,DKPartNumber,ProductDescription,QuantityOnHand,AvailableOnOrder,ManfacturerPublicQuantity,UnitPrice,ManufacturerLeadWeeks,StandardPackage,MinimumOrderQuantity,Url,Packaging,Part Status,Capacitance,Tolerance,Voltage - Rated,Type,ESR (Equivalent Series Resistance),Operating Temperature,Lifetime @ Temp.,Mounting Type,Package / Case,Size / Dimension,Height - Seated (Max),Lead Spacing,Manufacturer Size Code,Features,Failure Rate,Notification,Applications,Temperature Coefficient,Thickness (Max),Lead Style,Ratings
"{'Id': '399', 'Text': 'KEMET'}",399-10124-2-ND,CAP TANT 3.3UF 16V 10% 1206,27000,0,0,0.07526,29 weeks,9000,9000,www.digikey.com/product-detail/en/kemet/T491A335K016AT7280/399-10124-2-ND/3759603,Tape & Reel (TR),Active,3.3µF,±10%,16V,Molded,5 Ohm,-55°C ~ 125°C,2000 Hrs @ 85°C,Surface Mount,1206 (3216 Metric),"0.126"" L x 0.063"" W (3.20mm x 1.60mm)","0.071"" (1.80mm)",-,A,General Purpose,-,Current market demand for these product types have resulted in fluctuating and extending lead times. Lead times may differ.,,,,,
"{'Id': '478', 'Text': 'AVX Corporation'}",478-5748-2-ND,CAP TANT 1UF 20V 20% 1206,74000,50000,0,0.0756,24 weeks,2000,2000,www.digikey.com/product-detail/en/avx-corporation/TAJA105M020RNJ/478-5748-2-ND/2136308,Tape & Reel (TR),Active,1µF,±20%,20V,Molded,9 Ohm,-55°C ~ 125°C,-,Surface Mount,1206 (3216 Metric),"0.126"" L x 0.063"" W (3.20mm x 1.60mm)","0.071"" (1.80mm)",-,A,General Purpose,-,Current market demand for these product types have resulted in fluctuating and extending lead times. Lead times may differ.,,,,,
"{'Id': '478', 'Text': 'AVX Corporation'}",478-5748-1-ND,CAP TANT 1UF 20V 20% 1206,76370,0,0,0.35,24 weeks,1,1,www.digikey.com/product-detail/en/avx-corporation/TAJA105M020RNJ/478-5748-1-ND/2136340,Cut Tape (CT),Active,1µF,±20%,20V,Molded,9 Ohm,-55°C ~ 125°C,-,Surface Mount,1206 (3216 Metric),"0.126"" L x 0.063"" W (3.20mm x 1.60mm)","0.071"" (1.80mm)",-,A,General Purpose,-,Current market demand for these product types have resulted in fluctuating and extending lead times. Lead times may differ.,,,,,
"{'Id': '478', 'Text': 'AVX Corporation'}",478-5748-6-ND,CAP TANT 1UF 20V 20% 1206,76370,0,0,0.35,24 weeks,1,1,www.digikey.com/product-detail/en/avx-corporation/TAJA105M020RNJ/478-5748-6-ND/2136424,Digi-Reel®,Active,1µF,±20%,20V,Molded,9 Ohm,-55°C ~ 125°C,-,Surface Mount,1206 (3216 Metric),"0.126"" L x 0.063"" W (3.20mm x 1.60mm)","0.071"" (1.80mm)",-,A,General Purpose,-,Current market demand for these product types have resulted in fluctuating and extending lead times. Lead times may differ.,,,,,
"{'Id': '478', 'Text': 'AVX Corporation'}",478-2354-2-ND,CAP TANT 3.3UF 16V 10% 1206,32000,18000,0,0.07623,24 weeks,2000,2000,www.digikey.com/product-detail/en/avx-corporation/TAJA335K016RNJ/478-2354-2-ND/678439,Tape & Reel (TR),Active,3.3µF,±10%,16V,Molded,5 Ohm,-55°C ~ 125°C,-,Surface Mount,1206 (3216 Metric),"0.126"" L x 0.063"" W (3.20mm x 1.60mm)","0.071"" (1.80mm)",-,A,General Purpose,-,Current market demand for these product types have resulted in fluctuating and extending lead times. Lead times may differ.,,,,,
"{'Id': '478', 'Text': 'AVX Corporation'}",478-2354-1-ND,CAP TANT 3.3UF 16V 10% 1206,33975,0,0,0.32,24 weeks,1,1,www.digikey.com/product-detail/en/avx-corporation/TAJA335K016RNJ/478-2354-1-ND/678522,Cut Tape (CT),Active,3.3µF,±10%,16V,Molded,5 Ohm,-55°C ~ 125°C,-,Surface Mount,1206 (3216 Metric),"0.126"" L x 0.063"" W (3.20mm x 1.60mm)","0.071"" (1.80mm)",-,A,General Purpose,-,Current market demand for these product types have resulted in fluctuating and extending lead times. Lead times may differ.,,,,,
"{'Id': '478', 'Text': 'AVX Corporation'}",478-2354-6-ND,CAP TANT 3.3UF 16V 10% 1206,33975,0,0,0.32,24 weeks,1,1,www.digikey.com/product-detail/en/avx-corporation/TAJA335K016RNJ/478-2354-6-ND/1717021,Digi-Reel®,Active,3.3µF,±10%,16V,Molded,5 Ohm,-55°C ~ 125°C,-,Surface Mount,1206 (3216 Metric),"0.126"" L x 0.063"" W (3.20mm x 1.60mm)","0.071"" (1.80mm)",-,A,General Purpose,-,Current market demand for these product types have resulted in fluctuating and extending lead times. Lead times may differ.,,,,,
"{'Id': '478', 'Text': 'AVX Corporation'}",478-8125-2-ND,CAP TANT 4.7UF 10V 20% 0805,39000,33000,0,0.0773,8 weeks,3000,3000,www.digikey.com/product-detail/en/avx-corporation/F921A475MPA/478-8125-2-ND/4004984,Tape & Reel (TR),Active,4.7µF,±20%,10V,Molded,6 Ohm,-55°C ~ 125°C,-,Surface Mount,0805 (2012 Metric),"0.079"" L x 0.049"" W (2.00mm x 1.25mm)","0.039"" (1.00mm)",-,P,General Purpose,-,Current market demand for these product types have resulted in fluctuating and extending lead times. Lead times may differ.,,,,,
"{'Id': '478', 'Text': 'AVX Corporation'}",478-8125-1-ND,CAP TANT 4.7UF 10V 20% 0805,40866,0,0,0.36,8 weeks,1,1,www.digikey.com/product-detail/en/avx-corporation/F921A475MPA/478-8125-1-ND/4005579,Cut Tape (CT),Active,4.7µF,±20%,10V,Molded,6 Ohm,-55°C ~ 125°C,-,Surface Mount,0805 (2012 Metric),"0.079"" L x 0.049"" W (2.00mm x 1.25mm)","0.039"" (1.00mm)",-,P,General Purpose,-,Current market demand for these product types have resulted in fluctuating and extending lead times. Lead times may differ.,,,,,
"{'Id': '478', 'Text': 'AVX Corporation'}",478-8125-6-ND,CAP TANT 4.7UF 10V 20% 0805,40866,0,0,0.36,8 weeks,1,1,www.digikey.com/product-detail/en/avx-corporation/F921A475MPA/478-8125-6-ND/4006174,Digi-Reel®,Active,4.7µF,±20%,10V,Molded,6 Ohm,-55°C ~ 125°C,-,Surface Mount,0805 (2012 Metric),"0.079"" L x 0.049"" W (2.00mm x 1.25mm)","0.039"" (1.00mm)",-,P,General Purpose,-,Current market demand for these product types have resulted in fluctuating and extending lead times. Lead times may differ.,,,,,
"{'Id': '478', 'Text': 'AVX Corporation'}",478-5798-2-ND,CAP TANT 22UF 10V 20% 1206,24000,38000,0,0.07749,24 weeks,2000,2000,www.digikey.com/product-detail/en/avx-corporation/TAJA226M010RNJ/478-5798-2-ND/1469504,Tape & Reel (TR),Active,22µF,±20%,10V,Molded,3 Ohm,-55°C ~ 125°C,-,Surface Mount,1206 (3216 Metric),"0.126"" L x 0.063"" W (3.20mm x 1.60mm)","0.071"" (1.80mm)",-,A,General Purpose,-,Current market demand for these product types have resulted in fluctuating and extending lead times. Lead times may differ.,,,,,
"{'Id': '478', 'Text': 'AVX Corporation'}",478-5798-1-ND,CAP TANT 22UF 10V 20% 1206,25579,0,0,0.36,24 weeks,1,1,www.digikey.com/product-detail/en/avx-corporation/TAJA226M010RNJ/478-5798-1-ND/2136389,Cut Tape (CT),Active,22µF,±20%,10V,Molded,3 Ohm,-55°C ~ 125°C,-,Surface Mount,1206 (3216 Metric),"0.126"" L x 0.063"" W (3.20mm x 1.60mm)","0.071"" (1.80mm)",-,A,General Purpose,-,Current market demand for these product types have resulted in fluctuating and extending lead times. Lead times may differ.,,,,,
"{'Id': '478', 'Text': 'AVX Corporation'}",478-5798-6-ND,CAP TANT 22UF 10V 20% 1206,25579,0,0,0.36,24 weeks,1,1,www.digikey.com/product-detail/en/avx-corporation/TAJA226M010RNJ/478-5798-6-ND/2136473,Digi-Reel®,Active,22µF,±20%,10V,Molded,3 Ohm,-55°C ~ 125°C,-,Surface Mount,1206 (3216 Metric),"0.126"" L x 0.063"" W (3.20mm x 1.60mm)","0.071"" (1.80mm)",-,A,General Purpose,-,Current market demand for these product types have resulted in fluctuating and extending lead times. Lead times may differ.,,,,,
"{'Id': '478', 'Text': 'AVX Corporation'}",478-2358-2-ND,CAP TANT 2.2UF 20V 10% 1206,22000,58000,0,0.07749,24 weeks,2000,2000,www.digikey.com/product-detail/en/avx-corporation/TAJA225K020RNJ/478-2358-2-ND/678443,Tape & Reel (TR),Active,2.2µF,±10%,20V,Molded,5.3 Ohm,-55°C ~ 125°C,-,Surface Mount,1206 (3216 Metric),"0.126"" L x 0.063"" W (3.20mm x 1.60mm)","0.071"" (1.80mm)",-,A,General Purpose,-,Current market demand for these product types have resulted in fluctuating and extending lead times. Lead times may differ.,,,,,
"{'Id': '478', 'Text': 'AVX Corporation'}",478-2358-1-ND,CAP TANT 2.2UF 20V 10% 1206,24000,0,0,0.32,24 weeks,1,1,www.digikey.com/product-detail/en/avx-corporation/TAJA225K020RNJ/478-2358-1-ND/678526,Cut Tape (CT),Active,2.2µF,±10%,20V,Molded,5.3 Ohm,-55°C ~ 125°C,-,Surface Mount,1206 (3216 Metric),"0.126"" L x 0.063"" W (3.20mm x 1.60mm)","0.071"" (1.80mm)",-,A,General Purpose,-,Current market demand for these product types have resulted in fluctuating and extending lead times. Lead times may differ.,,,,,
"{'Id': '478', 'Text': 'AVX Corporation'}",478-2358-6-ND,CAP TANT 2.2UF 20V 10% 1206,24000,0,0,0.32,24 weeks,1,1,www.digikey.com/product-detail/en/avx-corporation/TAJA225K020RNJ/478-2358-6-ND/1716904,Digi-Reel®,Active,2.2µF,±10%,20V,Molded,5.3 Ohm,-55°C ~ 125°C,-,Surface Mount,1206 (3216 Metric),"0.126"" L x 0.063"" W (3.20mm x 1.60mm)","0.071"" (1.80mm)",-,A,General Purpose,-,Current market demand for these product types have resulted in fluctuating and extending lead times. Lead times may differ.,,,,,
"{'Id': '399', 'Text': 'KEMET'}",399-10116-2-ND,CAP TANT 10UF 6.3V 10% 1206,9000,9000,0,0.07829,29 weeks,9000,9000,www.digikey.com/product-detail/en/kemet/T491A106K006AT7280/399-10116-2-ND/3759595,Tape & Reel (TR),Active,10µF,±10%,6.3V,Molded,4 Ohm,-55°C ~ 125°C,2000 Hrs @ 85°C,Surface Mount,1206 (3216 Metric),"0.126"" L x 0.063"" W (3.20mm x 1.60mm)","0.071"" (1.80mm)",-,A,General Purpose,-,Current market demand for these product types have resulted in fluctuating and extending lead times. Lead times may differ.,,,,,
"{'Id': '399', 'Text': 'KEMET'}",399-3681-2-ND,CAP TANT 1UF 16V 20% 1206,38000,40000,0,0.07938,16 weeks,2000,2000,www.digikey.com/product-detail/en/kemet/T491A105M016AT/399-3681-2-ND/818542,Tape & Reel (TR),Active,1µF,±20%,16V,Molded,10 Ohm,-55°C ~ 125°C,2000 Hrs @ 85°C,Surface Mount,1206 (3216 Metric),"0.126"" L x 0.063"" W (3.20mm x 1.60mm)","0.071"" (1.80mm)",-,A,General Purpose,-,Current market demand for these product types have resulted in fluctuating and extending lead times. Lead times may differ.,,,,,
"{'Id': '399', 'Text': 'KEMET'}",399-3681-1-ND,CAP TANT 1UF 16V 20% 1206,39073,0,0,0.37,16 weeks,1,1,www.digikey.com/product-detail/en/kemet/T491A105M016AT/399-3681-1-ND/819006,Cut Tape (CT),Active,1µF,±20%,16V,Molded,10 Ohm,-55°C ~ 125°C,2000 Hrs @ 85°C,Surface Mount,1206 (3216 Metric),"0.126"" L x 0.063"" W (3.20mm x 1.60mm)","0.071"" (1.80mm)",-,A,General Purpose,-,Current market demand for these product types have resulted in fluctuating and extending lead times. Lead times may differ.,,,,,
"{'Id': '399', 'Text': 'KEMET'}",399-3681-6-ND,CAP TANT 1UF 16V 20% 1206,39073,0,0,0.37,16 weeks,1,1,www.digikey.com/product-detail/en/kemet/T491A105M016AT/399-3681-6-ND/1840921,Digi-Reel®,Active,1µF,±20%,16V,Molded,10 Ohm,-55°C ~ 125°C,2000 Hrs @ 85°C,Surface Mount,1206 (3216 Metric),"0.126"" L x 0.063"" W (3.20mm x 1.60mm)","0.071"" (1.80mm)",-,A,General Purpose,-,Current market demand for these product types have resulted in fluctuating and extending lead times. Lead times may differ.,,,,,
"{'Id': '399', 'Text': 'KEMET'}",399-3678-2-ND,CAP TANT 1UF 16V 10% 1206,14000,448000,0,0.07938,28 weeks,2000,2000,www.digikey.com/product-detail/en/kemet/T491A105K016AT/399-3678-2-ND/818539,Tape & Reel (TR),Active,1µF,±10%,16V,Molded,10 Ohm,-55°C ~ 125°C,2000 Hrs @ 85°C,Surface Mount,1206 (3216 Metric),"0.126"" L x 0.063"" W (3.20mm x 1.60mm)","0.071"" (1.80mm)",-,A,General Purpose,-,Current market demand for these product types have resulted in fluctuating and extending lead times. Lead times may differ.,,,,,
"{'Id': '399', 'Text': 'KEMET'}",399-3678-1-ND,CAP TANT 1UF 16V 10% 1206,15097,0,0,0.37,28 weeks,1,1,www.digikey.com/product-detail/en/kemet/T491A105K016AT/399-3678-1-ND/819003,Cut Tape (CT),Active,1µF,±10%,16V,Molded,10 Ohm,-55°C ~ 125°C,2000 Hrs @ 85°C,Surface Mount,1206 (3216 Metric),"0.126"" L x 0.063"" W (3.20mm x 1.60mm)","0.071"" (1.80mm)",-,A,General Purpose,-,Current market demand for these product types have resulted in fluctuating and extending lead times. Lead times may differ.,,,,,
"{'Id': '399', 'Text': 'KEMET'}",399-3678-6-ND,CAP TANT 1UF 16V 10% 1206,15097,0,0,0.37,28 weeks,1,1,www.digikey.com/product-detail/en/kemet/T491A105K016AT/399-3678-6-ND/1840919,Digi-Reel®,Active,1µF,±10%,16V,Molded,10 Ohm,-55°C ~ 125°C,2000 Hrs @ 85°C,Surface Mount,1206 (3216 Metric),"0.126"" L x 0.063"" W (3.20mm x 1.60mm)","0.071"" (1.80mm)",-,A,General Purpose,-,Current market demand for these product types have resulted in fluctuating and extending lead times. Lead times may differ.,,,,,
"{'Id': '399', 'Text': 'KEMET'}",399-8277-2-ND,CAP TANT 2.2UF 10V 20% 1206,26000,144000,0,0.07938,16 weeks,2000,2000,www.digikey.com/product-detail/en/kemet/T491A225M010AT/399-8277-2-ND/2336194,Tape & Reel (TR),Active,2.2µF,±20%,10V,Molded,7 Ohm,-55°C ~ 125°C,2000 Hrs @ 85°C,Surface Mount,1206 (3216 Metric),"0.126"" L x 0.063"" W (3.20mm x 1.60mm)","0.071"" (1.80mm)",-,A,General Purpose,-,Current market demand for these product types have resulted in fluctuating and extending lead times. Lead times may differ.,,,,,
"{'Id': '399', 'Text': 'KEMET'}",399-8277-1-ND,CAP TANT 2.2UF 10V 20% 1206,29177,0,0,0.37,16 weeks,1,1,www.digikey.com/product-detail/en/kemet/T491A225M010AT/399-8277-1-ND/3472000,Cut Tape (CT),Active,2.2µF,±20%,10V,Molded,7 Ohm,-55°C ~ 125°C,2000 Hrs @ 85°C,Surface Mount,1206 (3216 Metric),"0.126"" L x 0.063"" W (3.20mm x 1.60mm)","0.071"" (1.80mm)",-,A,General Purpose,-,Current market demand for these product types have resulted in fluctuating and extending lead times. Lead times may differ.,,,,,
"{'Id': '399', 'Text': 'KEMET'}",399-8277-6-ND,CAP TANT 2.2UF 10V 20% 1206,29177,0,0,0.37,16 weeks,1,1,www.digikey.com/product-detail/en/kemet/T491A225M010AT/399-8277-6-ND/3472808,Digi-Reel®,Active,2.2µF,±20%,10V,Molded,7 Ohm,-55°C ~ 125°C,2000 Hrs @ 85°C,Surface Mount,1206 (3216 Metric),"0.126"" L x 0.063"" W (3.20mm x 1.60mm)","0.071"" (1.80mm)",-,A,General Purpose,-,Current market demand for these product types have resulted in fluctuating and extending lead times. Lead times may differ.,,,,,
"{'Id': '399', 'Text': 'KEMET'}",399-3682-2-ND,CAP TANT 1UF 20V 20% 1206,6000,4000,0,0.07938,16 weeks,2000,2000,www.digikey.com/product-detail/en/kemet/T491A105M020AT/399-3682-2-ND/818543,Tape & Reel (TR),Active,1µF,±20%,20V,Molded,9 Ohm,-55°C ~ 125°C,2000 Hrs @ 85°C,Surface Mount,1206 (3216 Metric),"0.126"" L x 0.063"" W (3.20mm x 1.60mm)","0.071"" (1.80mm)",-,A,General Purpose,-,Current market demand for these product types have resulted in fluctuating and extending lead times. Lead times may differ.,,,,,
"{'Id': '399', 'Text': 'KEMET'}",399-3682-1-ND,CAP TANT 1UF 20V 20% 1206,10096,0,0,0.37,16 weeks,1,1,www.digikey.com/product-detail/en/kemet/T491A105M020AT/399-3682-1-ND/819007,Cut Tape (CT),Active,1µF,±20%,20V,Molded,9 Ohm,-55°C ~ 125°C,2000 Hrs @ 85°C,Surface Mount,1206 (3216 Metric),"0.126"" L x 0.063"" W (3.20mm x 1.60mm)","0.071"" (1.80mm)",-,A,General Purpose,-,Current market demand for these product types have resulted in fluctuating and extending lead times. Lead times may differ.,,,,,
"{'Id': '399', 'Text': 'KEMET'}",399-3682-6-ND,CAP TANT 1UF 20V 20% 1206,10096,0,0,0.37,16 weeks,1,1,www.digikey.com/product-detail/en/kemet/T491A105M020AT/399-3682-6-ND/1840922,Digi-Reel®,Active,1µF,±20%,20V,Molded,9 Ohm,-55°C ~ 125°C,2000 Hrs @ 85°C,Surface Mount,1206 (3216 Metric),"0.126"" L x 0.063"" W (3.20mm x 1.60mm)","0.071"" (1.80mm)",-,A,General Purpose,-,Current market demand for these product types have resulted in fluctuating and extending lead times. Lead times may differ.,,,,,
"{'Id': '399', 'Text': 'KEMET'}",399-9708-2-ND,CAP TANT 1.5UF 10V 10% 1206,4000,0,0,0.07938,29 weeks,2000,2000,www.digikey.com/product-detail/en/kemet/T491A155K010AT/399-9708-2-ND/3724705,Tape & Reel (TR),Active,1.5µF,±10%,10V,Molded,8 Ohm,-55°C ~ 125°C,2000 Hrs @ 85°C,Surface Mount,1206 (3216 Metric),"0.126"" L x 0.063"" W (3.20mm x 1.60mm)","0.071"" (1.80mm)",-,A,General Purpose,-,Current market demand for these product types have resulted in fluctuating and extending lead times. Lead times may differ.,,,,,
"{'Id': '399', 'Text': 'KEMET'}",399-9708-1-ND,CAP TANT 1.5UF 10V 10% 1206,4911,0,0,0.37,29 weeks,1,1,www.digikey.com/product-detail/en/kemet/T491A155K010AT/399-9708-1-ND/3724675,Cut Tape (CT),Active,1.5µF,±10%,10V,Molded,8 Ohm,-55°C ~ 125°C,2000 Hrs @ 85°C,Surface Mount,1206 (3216 Metric),"0.126"" L x 0.063"" W (3.20mm x 1.60mm)","0.071"" (1.80mm)",-,A,General Purpose,-,Current market demand for these product types have resulted in fluctuating and extending lead times. Lead times may differ.,,,,,
"{'Id': '399', 'Text': 'KEMET'}",399-9708-6-ND,CAP TANT 1.5UF 10V 10% 1206,4911,0,0,0.37,29 weeks,1,1,www.digikey.com/product-detail/en/kemet/T491A155K010AT/399-9708-6-ND/3724684,Digi-Reel®,Active,1.5µF,±10%,10V,Molded,8 Ohm,-55°C ~ 125°C,2000 Hrs @ 85°C,Surface Mount,1206 (3216 Metric),"0.126"" L x 0.063"" W (3.20mm x 1.60mm)","0.071"" (1.80mm)",-,A,General Purpose,-,Current market demand for these product types have resulted in fluctuating and extending lead times. Lead times may differ.,,,,,
"{'Id': '478', 'Text': 'AVX Corporation'}",478-3871-2-ND,CAP TANT 6.8UF 6.3V 20% 1206,2000,0,4000,0.07938,24 weeks,2000,2000,www.digikey.com/product-detail/en/avx-corporation/TAJA685M006RNJ/478-3871-2-ND/1126799,Tape & Reel (TR),Active,6.8µF,±20%,6.3V,Molded,5 Ohm,-55°C ~ 125°C,-,Surface Mount,1206 (3216 Metric),"0.126"" L x 0.063"" W (3.20mm x 1.60mm)","0.071"" (1.80mm)",-,A,General Purpose,-,Current market demand for these product types have resulted in fluctuating and extending lead times. Lead times may differ.,,,,,
"{'Id': '478', 'Text': 'AVX Corporation'}",478-3871-1-ND,CAP TANT 6.8UF 6.3V 20% 1206,3524,0,4000,0.39,24 weeks,1,1,www.digikey.com/product-detail/en/avx-corporation/TAJA685M006RNJ/478-3871-1-ND/1126917,Cut Tape (CT),Active,6.8µF,±20%,6.3V,Molded,5 Ohm,-55°C ~ 125°C,-,Surface Mount,1206 (3216 Metric),"0.126"" L x 0.063"" W (3.20mm x 1.60mm)","0.071"" (1.80mm)",-,A,General Purpose,-,Current market demand for these product types have resulted in fluctuating and extending lead times. Lead times may differ.,,,,,
"{'Id': '478', 'Text': 'AVX Corporation'}",478-3871-6-ND,CAP TANT 6.8UF 6.3V 20% 1206,3524,0,4000,0.39,24 weeks,1,1,www.digikey.com/product-detail/en/avx-corporation/TAJA685M006RNJ/478-3871-6-ND/1127035,Digi-Reel®,Active,6.8µF,±20%,6.3V,Molded,5 Ohm,-55°C ~ 125°C,-,Surface Mount,1206 (3216 Metric),"0.126"" L x 0.063"" W (3.20mm x 1.60mm)","0.071"" (1.80mm)",-,A,General Purpose,-,Current market demand for these product types have resulted in fluctuating and extending lead times. Lead times may differ.,,,,,
"{'Id': '399', 'Text': 'KEMET'}",399-8271-2-ND,CAP TANT 1.5UF 16V 20% 1206,2000,4000,0,0.07938,30 weeks,2000,2000,www.digikey.com/product-detail/en/kemet/T491A155M016AT/399-8271-2-ND/2336185,Tape & Reel (TR),Active,1.5µF,±20%,16V,Molded,8 Ohm,-55°C ~ 125°C,2000 Hrs @ 85°C,Surface Mount,1206 (3216 Metric),"0.126"" L x 0.063"" W (3.20mm x 1.60mm)","0.071"" (1.80mm)",-,A,General Purpose,-,Current market demand for these product types have resulted in fluctuating and extending lead times. Lead times may differ.,,,,,
"{'Id': '399', 'Text': 'KEMET'}",399-8271-1-ND,CAP TANT 1.5UF 16V 20% 1206,2779,0,0,0.37,30 weeks,1,1,www.digikey.com/product-detail/en/kemet/T491A155M016AT/399-8271-1-ND/3471994,Cut Tape (CT),Active,1.5µF,±20%,16V,Molded,8 Ohm,-55°C ~ 125°C,2000 Hrs @ 85°C,Surface Mount,1206 (3216 Metric),"0.126"" L x 0.063"" W (3.20mm x 1.60mm)","0.071"" (1.80mm)",-,A,General Purpose,-,Current market demand for these product types have resulted in fluctuating and extending lead times. Lead times may differ.,,,,,
"{'Id': '399', 'Text': 'KEMET'}",399-8271-6-ND,CAP TANT 1.5UF 16V 20% 1206,2779,0,0,0.37,30 weeks,1,1,www.digikey.com/product-detail/en/kemet/T491A155M016AT/399-8271-6-ND/3472802,Digi-Reel®,Active,1.5µF,±20%,16V,Molded,8 Ohm,-55°C ~ 125°C,2000 Hrs @ 85°C,Surface Mount,1206 (3216 Metric),"0.126"" L x 0.063"" W (3.20mm x 1.60mm)","0.071"" (1.80mm)",-,A,General Purpose,-,Current market demand for these product types have resulted in fluctuating and extending lead times. Lead times may differ.,,,,,
"{'Id': '399', 'Text': 'KEMET'}",399-10120-2-ND,CAP TANT 1.5UF 10V 20% 1206,2000,0,0,0.07938,30 weeks,2000,2000,www.digikey.com/product-detail/en/kemet/T491A155M010AT/399-10120-2-ND/3759599,Tape & Reel (TR),Active,1.5µF,±20%,10V,Molded,8 Ohm,-55°C ~ 125°C,2000 Hrs @ 85°C,Surface Mount,1206 (3216 Metric),"0.126"" L x 0.063"" W (3.20mm x 1.60mm)","0.071"" (1.80mm)",-,A,General Purpose,-,Current market demand for these product types have resulted in fluctuating and extending lead times. Lead times may differ.,,,,,
"{'Id': '399', 'Text': 'KEMET'}",399-10120-1-ND,CAP TANT 1.5UF 10V 20% 1206,3288,0,0,0.37,30 weeks,1,1,www.digikey.com/product-detail/en/kemet/T491A155M010AT/399-10120-1-ND/3759237,Cut Tape (CT),Active,1.5µF,±20%,10V,Molded,8 Ohm,-55°C ~ 125°C,2000 Hrs @ 85°C,Surface Mount,1206 (3216 Metric),"0.126"" L x 0.063"" W (3.20mm x 1.60mm)","0.071"" (1.80mm)",-,A,General Purpose,-,Current market demand for these product types have resulted in fluctuating and extending lead times. Lead times may differ.,,,,,
"{'Id': '399', 'Text': 'KEMET'}",399-10120-6-ND,CAP TANT 1.5UF 10V 20% 1206,3288,0,0,0.37,30 weeks,1,1,www.digikey.com/product-detail/en/kemet/T491A155M010AT/399-10120-6-ND/3759418,Digi-Reel®,Active,1.5µF,±20%,10V,Molded,8 Ohm,-55°C ~ 125°C,2000 Hrs @ 85°C,Surface Mount,1206 (3216 Metric),"0.126"" L x 0.063"" W (3.20mm x 1.60mm)","0.071"" (1.80mm)",-,A,General Purpose,-,Current market demand for these product types have resulted in fluctuating and extending lead times. Lead times may differ.,,,,,
"{'Id': '478', 'Text': 'AVX Corporation'}",478-8115-2-ND,CAP TANT 10UF 6.3V 20% 0805,60000,51000,0,0.08108,8 weeks,3000,3000,www.digikey.com/product-detail/en/avx-corporation/F920J106MPA/478-8115-2-ND/4004946,Tape & Reel (TR),Active,10µF,±20%,6.3V,Molded,6 Ohm,-55°C ~ 125°C,-,Surface Mount,0805 (2012 Metric),"0.079"" L x 0.049"" W (2.00mm x 1.25mm)","0.039"" (1.00mm)",-,P,General Purpose,-,Current market demand for these product types have resulted in fluctuating and extending lead times. Lead times may differ.,,,,,
"{'Id': '478', 'Text': 'AVX Corporation'}",478-8115-1-ND,CAP TANT 10UF 6.3V 20% 0805,60876,0,0,0.37,8 weeks,1,1,www.digikey.com/product-detail/en/avx-corporation/F920J106MPA/478-8115-1-ND/4005541,Cut Tape (CT),Active,10µF,±20%,6.3V,Molded,6 Ohm,-55°C ~ 125°C,-,Surface Mount,0805 (2012 Metric),"0.079"" L x 0.049"" W (2.00mm x 1.25mm)","0.039"" (1.00mm)",-,P,General Purpose,-,Current market demand for these product types have resulted in fluctuating and extending lead times. Lead times may differ.,,,,,
"{'Id': '478', 'Text': 'AVX Corporation'}",478-8115-6-ND,CAP TANT 10UF 6.3V 20% 0805,60876,0,0,0.37,8 weeks,1,1,www.digikey.com/product-detail/en/avx-corporation/F920J106MPA/478-8115-6-ND/4006136,Digi-Reel®,Active,10µF,±20%,6.3V,Molded,6 Ohm,-55°C ~ 125°C,-,Surface Mount,0805 (2012 Metric),"0.079"" L x 0.049"" W (2.00mm x 1.25mm)","0.039"" (1.00mm)",-,P,General Purpose,-,Current market demand for these product types have resulted in fluctuating and extending lead times. Lead times may differ.,,,,,
"{'Id': '478', 'Text': 'AVX Corporation'}",478-3865-2-ND,CAP TANT 22UF 6.3V 10% 1206,94000,1116000,0,0.08127,24 weeks,2000,2000,www.digikey.com/product-detail/en/avx-corporation/TAJA226K006RNJ/478-3865-2-ND/1126793,Tape & Reel (TR),Active,22µF,±10%,6.3V,Molded,3 Ohm,-55°C ~ 125°C,-,Surface Mount,1206 (3216 Metric),"0.126"" L x 0.063"" W (3.20mm x 1.60mm)","0.071"" (1.80mm)",-,A,General Purpose,-,Current market demand for these product types have resulted in fluctuating and extending lead times. Lead times may differ.,,,,,
"{'Id': '478', 'Text': 'AVX Corporation'}",478-3865-1-ND,CAP TANT 22UF 6.3V 10% 1206,95945,0,0,0.37,24 weeks,1,1,www.digikey.com/product-detail/en/avx-corporation/TAJA226K006RNJ/478-3865-1-ND/1126911,Cut Tape (CT),Active,22µF,±10%,6.3V,Molded,3 Ohm,-55°C ~ 125°C,-,Surface Mount,1206 (3216 Metric),"0.126"" L x 0.063"" W (3.20mm x 1.60mm)","0.071"" (1.80mm)",-,A,General Purpose,-,Current market demand for these product types have resulted in fluctuating and extending lead times. Lead times may differ.,,,,,
"{'Id': '478', 'Text': 'AVX Corporation'}",478-3865-6-ND,CAP TANT 22UF 6.3V 10% 1206,95945,0,0,0.37,24 weeks,1,1,www.digikey.com/product-detail/en/avx-corporation/TAJA226K006RNJ/478-3865-6-ND/1127029,Digi-Reel®,Active,22µF,±10%,6.3V,Molded,3 Ohm,-55°C ~ 125°C,-,Surface Mount,1206 (3216 Metric),"0.126"" L x 0.063"" W (3.20mm x 1.60mm)","0.071"" (1.80mm)",-,A,General Purpose,-,Current market demand for these product types have resulted in fluctuating and extending lead times. Lead times may differ.,,,,,
"{'Id': '399', 'Text': 'KEMET'}",399-3684-2-ND,CAP TANT 10UF 10V 10% 1206,868000,3060000,0,0.0819,29 weeks,2000,2000,www.digikey.com/product-detail/en/kemet/T491A106K010AT/399-3684-2-ND/818545,Tape & Reel (TR),Active,10µF,±10%,10V,Molded,3.8 Ohm,-55°C ~ 125°C,2000 Hrs @ 85°C,Surface Mount,1206 (3216 Metric),"0.126"" L x 0.063"" W (3.20mm x 1.60mm)","0.071"" (1.80mm)",-,A,General Purpose,-,Current market demand for these product types have resulted in fluctuating and extending lead times. Lead times may differ.,,,,,
"{'Id': '399', 'Text': 'KEMET'}",399-3684-1-ND,CAP TANT 10UF 10V 10% 1206,869256,0,0,0.39,29 weeks,1,1,www.digikey.com/product-detail/en/kemet/T491A106K010AT/399-3684-1-ND/819009,Cut Tape (CT),Active,10µF,±10%,10V,Molded,3.8 Ohm,-55°C ~ 125°C,2000 Hrs @ 85°C,Surface Mount,1206 (3216 Metric),"0.126"" L x 0.063"" W (3.20mm x 1.60mm)","0.071"" (1.80mm)",-,A,General Purpose,-,Current market demand for these product types have resulted in fluctuating and extending lead times. Lead times may differ.,,,,,
"{'Id': '399', 'Text': 'KEMET'}",399-3684-6-ND,CAP TANT 10UF 10V 10% 1206,869256,0,0,0.39,29 weeks,1,1,www.digikey.com/product-detail/en/kemet/T491A106K010AT/399-3684-6-ND/1840924,Digi-Reel®,Active,10µF,±10%,10V,Molded,3.8 Ohm,-55°C ~ 125°C,2000 Hrs @ 85°C,Surface Mount,1206 (3216 Metric),"0.126"" L x 0.063"" W (3.20mm x 1.60mm)","0.071"" (1.80mm)",-,A,General Purpose,-,Current market demand for these product types have resulted in fluctuating and extending lead times. Lead times may differ.,,,,,
"{'Id': '399', 'Text': 'KEMET'}",399-3698-2-ND,CAP TANT 4.7UF 10V 20% 1206,6000,74000,0,0.08241,29 weeks,2000,2000,www.digikey.com/product-detail/en/kemet/T491A475M010AT/399-3698-2-ND/818559,Tape & Reel (TR),Active,4.7µF,±20%,10V,Molded,5 Ohm,-55°C ~ 125°C,2000 Hrs @ 85°C,Surface Mount,1206 (3216 Metric),"0.126"" L x 0.063"" W (3.20mm x 1.60mm)","0.071"" (1.80mm)",-,A,General Purpose,-,Current market demand for these product types have resulted in fluctuating and extending lead times. Lead times may differ.,,,,,
"{'Id': '399', 'Text': 'KEMET'}",399-3698-1-ND,CAP TANT 4.7UF 10V 20% 1206,7564,0,0,0.38,29 weeks,1,1,www.digikey.com/product-detail/en/kemet/T491A475M010AT/399-3698-1-ND/819023,Cut Tape (CT),Active,4.7µF,±20%,10V,Molded,5 Ohm,-55°C ~ 125°C,2000 Hrs @ 85°C,Surface Mount,1206 (3216 Metric),"0.126"" L x 0.063"" W (3.20mm x 1.60mm)","0.071"" (1.80mm)",-,A,General Purpose,-,Current market demand for these product types have resulted in fluctuating and extending lead times. Lead times may differ.,,,,,
"{'Id': '399', 'Text': 'KEMET'}",399-3698-6-ND,CAP TANT 4.7UF 10V 20% 1206,7564,0,0,0.38,29 weeks,1,1,www.digikey.com/product-detail/en/kemet/T491A475M010AT/399-3698-6-ND/1159442,Digi-Reel®,Active,4.7µF,±20%,10V,Molded,5 Ohm,-55°C ~ 125°C,2000 Hrs @ 85°C,Surface Mount,1206 (3216 Metric),"0.126"" L x 0.063"" W (3.20mm x 1.60mm)","0.071"" (1.80mm)",-,A,General Purpose,-,Current market demand for these product types have resulted in fluctuating and extending lead times. Lead times may differ.,,,,,
"{'Id': '399', 'Text': 'KEMET'}",399-3685-2-ND,CAP TANT 10UF 6.3V 20% 1206,2001,164000,0,0.08316,29 weeks,2000,2000,www.digikey.com/product-detail/en/kemet/T491A106M006AT/399-3685-2-ND/818546,Tape & Reel (TR),Active,10µF,±20%,6.3V,Molded,4 Ohm,-55°C ~ 125°C,2000 Hrs @ 85°C,Surface Mount,1206 (3216 Metric),"0.126"" L x 0.063"" W (3.20mm x 1.60mm)","0.071"" (1.80mm)",-,A,General Purpose,-,Current market demand for these product types have resulted in fluctuating and extending lead times. Lead times may differ.,,,,,
"{'Id': '399', 'Text': 'KEMET'}",399-3685-1-ND,CAP TANT 10UF 6.3V 20% 1206,3649,0,0,0.38,29 weeks,1,1,www.digikey.com/product-detail/en/kemet/T491A106M006AT/399-3685-1-ND/819010,Cut Tape (CT),Active,10µF,±20%,6.3V,Molded,4 Ohm,-55°C ~ 125°C,2000 Hrs @ 85°C,Surface Mount,1206 (3216 Metric),"0.126"" L x 0.063"" W (3.20mm x 1.60mm)","0.071"" (1.80mm)",-,A,General Purpose,-,Current market demand for these product types have resulted in fluctuating and extending lead times. Lead times may differ.,,,,,
"{'Id': '399', 'Text': 'KEMET'}",399-3685-6-ND,CAP TANT 10UF 6.3V 20% 1206,3649,0,0,0.38,29 weeks,1,1,www.digikey.com/product-detail/en/kemet/T491A106M006AT/399-3685-6-ND/1840925,Digi-Reel®,Active,10µF,±20%,6.3V,Molded,4 Ohm,-55°C ~ 125°C,2000 Hrs @ 85°C,Surface Mount,1206 (3216 Metric),"0.126"" L x 0.063"" W (3.20mm x 1.60mm)","0.071"" (1.80mm)",-,A,General Purpose,-,Current market demand for these product types have resulted in fluctuating and extending lead times. Lead times may differ.,,,,,
"{'Id': '399', 'Text': 'KEMET'}",399-3695-2-ND,CAP TANT 0.47UF 25V 10% 1206,10000,52000,0,0.08335,29 weeks,2000,2000,www.digikey.com/product-detail/en/kemet/T491A474K025AT/399-3695-2-ND/818556,Tape & Reel (TR),Active,0.47µF,±10%,25V,Molded,14 Ohm,-55°C ~ 125°C,2000 Hrs @ 85°C,Surface Mount,1206 (3216 Metric),"0.126"" L x 0.063"" W (3.20mm x 1.60mm)","0.071"" (1.80mm)",-,A,General Purpose,-,Current market demand for these product types have resulted in fluctuating and extending lead times. Lead times may differ.,,,,,
"{'Id': '399', 'Text': 'KEMET'}",399-3695-1-ND,CAP TANT 0.47UF 25V 10% 1206,10856,0,0,0.38,29 weeks,1,1,www.digikey.com/product-detail/en/kemet/T491A474K025AT/399-3695-1-ND/819020,Cut Tape (CT),Active,0.47µF,±10%,25V,Molded,14 Ohm,-55°C ~ 125°C,2000 Hrs @ 85°C,Surface Mount,1206 (3216 Metric),"0.126"" L x 0.063"" W (3.20mm x 1.60mm)","0.071"" (1.80mm)",-,A,General Purpose,-,Current market demand for these product types have resulted in fluctuating and extending lead times. Lead times may differ.,,,,,
"{'Id': '399', 'Text': 'KEMET'}",399-3695-6-ND,CAP TANT 0.47UF 25V 10% 1206,10856,0,0,0.38,29 weeks,1,1,www.digikey.com/product-detail/en/kemet/T491A474K025AT/399-3695-6-ND/1840930,Digi-Reel®,Active,0.47µF,±10%,25V,Molded,14 Ohm,-55°C ~ 125°C,2000 Hrs @ 85°C,Surface Mount,1206 (3216 Metric),"0.126"" L x 0.063"" W (3.20mm x 1.60mm)","0.071"" (1.80mm)",-,A,General Purpose,-,Current market demand for these product types have resulted in fluctuating and extending lead times. Lead times may differ.,,,,,
"{'Id': '478', 'Text': 'AVX Corporation'}",478-1660-2-ND,CAP TANT 15UF 10V 10% 1206,2000,34000,0,0.08358,24 weeks,2000,2000,www.digikey.com/product-detail/en/avx-corporation/TAJA156K010RNJ/478-1660-2-ND/563766,Tape & Reel (TR),Active,15µF,±10%,10V,Molded,3.2 Ohm,-55°C ~ 125°C,-,Surface Mount,1206 (3216 Metric),"0.126"" L x 0.063"" W (3.20mm x 1.60mm)","0.071"" (1.80mm)",-,A,General Purpose,-,Current market demand for these product types have resulted in fluctuating and extending lead times. Lead times may differ.,,,,,
"{'Id': '478', 'Text': 'AVX Corporation'}",478-1660-1-ND,CAP TANT 15UF 10V 10% 1206,2515,0,0,0.35,24 weeks,1,1,www.digikey.com/product-detail/en/avx-corporation/TAJA156K010RNJ/478-1660-1-ND/564692,Cut Tape (CT),Active,15µF,±10%,10V,Molded,3.2 Ohm,-55°C ~ 125°C,-,Surface Mount,1206 (3216 Metric),"0.126"" L x 0.063"" W (3.20mm x 1.60mm)","0.071"" (1.80mm)",-,A,General Purpose,-,Current market demand for these product types have resulted in fluctuating and extending lead times. Lead times may differ.,,,,,
"{'Id': '478', 'Text': 'AVX Corporation'}",478-1660-6-ND,CAP TANT 15UF 10V 10% 1206,2515,0,0,0.35,24 weeks,1,1,www.digikey.com/product-detail/en/avx-corporation/TAJA156K010RNJ/478-1660-6-ND/1716948,Digi-Reel®,Active,15µF,±10%,10V,Molded,3.2 Ohm,-55°C ~ 125°C,-,Surface Mount,1206 (3216 Metric),"0.126"" L x 0.063"" W (3.20mm x 1.60mm)","0.071"" (1.80mm)",-,A,General Purpose,-,Current market demand for these product types have resulted in fluctuating and extending lead times. Lead times may differ.,,,,,
"{'Id': '478', 'Text': 'AVX Corporation'}",478-1661-2-ND,CAP TANT 15UF 10V 20% 1206,2000,4000,0,0.08358,24 weeks,2000,2000,www.digikey.com/product-detail/en/avx-corporation/TAJA156M010RNJ/478-1661-2-ND/563767,Tape & Reel (TR),Active,15µF,±20%,10V,Molded,3.2 Ohm,-55°C ~ 125°C,-,Surface Mount,1206 (3216 Metric),"0.126"" L x 0.063"" W (3.20mm x 1.60mm)","0.071"" (1.80mm)",-,A,General Purpose,-,Current market demand for these product types have resulted in fluctuating and extending lead times. Lead times may differ.,,,,,
"{'Id': '478', 'Text': 'AVX Corporation'}",478-1661-1-ND,CAP TANT 15UF 10V 20% 1206,3713,0,0,0.35,24 weeks,1,1,www.digikey.com/product-detail/en/avx-corporation/TAJA156M010RNJ/478-1661-1-ND/564693,Cut Tape (CT),Active,15µF,±20%,10V,Molded,3.2 Ohm,-55°C ~ 125°C,-,Surface Mount,1206 (3216 Metric),"0.126"" L x 0.063"" W (3.20mm x 1.60mm)","0.071"" (1.80mm)",-,A,General Purpose,-,Current market demand for these product types have resulted in fluctuating and extending lead times. Lead times may differ.,,,,,
"{'Id': '478', 'Text': 'AVX Corporation'}",478-1661-6-ND,CAP TANT 15UF 10V 20% 1206,3713,0,0,0.35,24 weeks,1,1,www.digikey.com/product-detail/en/avx-corporation/TAJA156M010RNJ/478-1661-6-ND/1716970,Digi-Reel®,Active,15µF,±20%,10V,Molded,3.2 Ohm,-55°C ~ 125°C,-,Surface Mount,1206 (3216 Metric),"0.126"" L x 0.063"" W (3.20mm x 1.60mm)","0.071"" (1.80mm)",-,A,General Purpose,-,Current market demand for these product types have resulted in fluctuating and extending lead times. Lead times may differ.,,,,,
"{'Id': '478', 'Text': 'AVX Corporation'}",478-8158-2-ND,CAP TANT 15UF 6.3V 20% 1206,2000,0,0,0.08373,8 weeks,2000,2000,www.digikey.com/product-detail/en/avx-corporation/F930J156MAA/478-8158-2-ND/4005261,Tape & Reel (TR),Active,15µF,±20%,6.3V,Molded,2.9 Ohm,-55°C ~ 125°C,-,Surface Mount,1206 (3216 Metric),"0.126"" L x 0.063"" W (3.20mm x 1.60mm)","0.071"" (1.80mm)",-,A,General Purpose,-,Current market demand for these product types have resulted in fluctuating and extending lead times. Lead times may differ.,,,,,
"{'Id': '478', 'Text': 'AVX Corporation'}",478-8158-1-ND,CAP TANT 15UF 6.3V 20% 1206,3085,0,0,0.39,8 weeks,1,1,www.digikey.com/product-detail/en/avx-corporation/F930J156MAA/478-8158-1-ND/4005856,Cut Tape (CT),Active,15µF,±20%,6.3V,Molded,2.9 Ohm,-55°C ~ 125°C,-,Surface Mount,1206 (3216 Metric),"0.126"" L x 0.063"" W (3.20mm x 1.60mm)","0.071"" (1.80mm)",-,A,General Purpose,-,Current market demand for these product types have resulted in fluctuating and extending lead times. Lead times may differ.,,,,,
"{'Id': '478', 'Text': 'AVX Corporation'}",478-8158-6-ND,CAP TANT 15UF 6.3V 20% 1206,3085,0,0,0.39,8 weeks,1,1,www.digikey.com/product-detail/en/avx-corporation/F930J156MAA/478-8158-6-ND/4006451,Digi-Reel®,Active,15µF,±20%,6.3V,Molded,2.9 Ohm,-55°C ~ 125°C,-,Surface Mount,1206 (3216 Metric),"0.126"" L x 0.063"" W (3.20mm x 1.60mm)","0.071"" (1.80mm)",-,A,General Purpose,-,Current market demand for these product types have resulted in fluctuating and extending lead times. Lead times may differ.,,,,,
"{'Id': '399', 'Text': 'KEMET'}",399-10129-2-ND,CAP TANT 0.68UF 20V 10% 1206,4000,0,0,0.08392,29 weeks,2000,2000,www.digikey.com/product-detail/en/kemet/T491A684K020AT/399-10129-2-ND/3759608,Tape & Reel (TR),Active,0.68µF,±10%,20V,Molded,12 Ohm,-55°C ~ 125°C,2000 Hrs @ 85°C,Surface Mount,1206 (3216 Metric),"0.126"" L x 0.063"" W (3.20mm x 1.60mm)","0.071"" (1.80mm)",-,A,General Purpose,-,Current market demand for these product types have resulted in fluctuating and extending lead times. Lead times may differ.,,,,,
"{'Id': '399', 'Text': 'KEMET'}",399-10129-1-ND,CAP TANT 0.68UF 20V 10% 1206,4833,0,0,0.39,29 weeks,1,1,www.digikey.com/product-detail/en/kemet/T491A684K020AT/399-10129-1-ND/3759246,Cut Tape (CT),Active,0.68µF,±10%,20V,Molded,12 Ohm,-55°C ~ 125°C,2000 Hrs @ 85°C,Surface Mount,1206 (3216 Metric),"0.126"" L x 0.063"" W (3.20mm x 1.60mm)","0.071"" (1.80mm)",-,A,General Purpose,-,Current market demand for these product types have resulted in fluctuating and extending lead times. Lead times may differ.,,,,,
"{'Id': '399', 'Text': 'KEMET'}",399-10129-6-ND,CAP TANT 0.68UF 20V 10% 1206,4833,0,0,0.39,29 weeks,1,1,www.digikey.com/product-detail/en/kemet/T491A684K020AT/399-10129-6-ND/3759427,Digi-Reel®,Active,0.68µF,±10%,20V,Molded,12 Ohm,-55°C ~ 125°C,2000 Hrs @ 85°C,Surface Mount,1206 (3216 Metric),"0.126"" L x 0.063"" W (3.20mm x 1.60mm)","0.071"" (1.80mm)",-,A,General Purpose,-,Current market demand for these product types have resulted in fluctuating and extending lead times. Lead times may differ.,,,,,
"{'Id': '478', 'Text': 'AVX Corporation'}",478-8228-2-ND,CAP TANT 6.8UF 10V 10% 1206,4000,0,0,0.08392,8 weeks,2000,2000,www.digikey.com/product-detail/en/avx-corporation/F931A685KAA/478-8228-2-ND/4005250,Tape & Reel (TR),Active,6.8µF,±10%,10V,Molded,3.5 Ohm,-55°C ~ 125°C,-,Surface Mount,1206 (3216 Metric),"0.126"" L x 0.063"" W (3.20mm x 1.60mm)","0.071"" (1.80mm)",-,A,General Purpose,-,Current market demand for these product types have resulted in fluctuating and extending lead times. Lead times may differ.,,,,,
"{'Id': '478', 'Text': 'AVX Corporation'}",478-8228-1-ND,CAP TANT 6.8UF 10V 10% 1206,5060,0,0,0.39,8 weeks,1,1,www.digikey.com/product-detail/en/avx-corporation/F931A685KAA/478-8228-1-ND/4005845,Cut Tape (CT),Active,6.8µF,±10%,10V,Molded,3.5 Ohm,-55°C ~ 125°C,-,Surface Mount,1206 (3216 Metric),"0.126"" L x 0.063"" W (3.20mm x 1.60mm)","0.071"" (1.80mm)",-,A,General Purpose,-,Current market demand for these product types have resulted in fluctuating and extending lead times. Lead times may differ.,,,,,
"{'Id': '478', 'Text': 'AVX Corporation'}",478-8228-6-ND,CAP TANT 6.8UF 10V 10% 1206,5060,0,0,0.39,8 weeks,1,1,www.digikey.com/product-detail/en/avx-corporation/F931A685KAA/478-8228-6-ND/4006440,Digi-Reel®,Active,6.8µF,±10%,10V,Molded,3.5 Ohm,-55°C ~ 125°C,-,Surface Mount,1206 (3216 Metric),"0.126"" L x 0.063"" W (3.20mm x 1.60mm)","0.071"" (1.80mm)",-,A,General Purpose,-,Current market demand for these product types have resulted in fluctuating and extending lead times. Lead times may differ.,,,,,
"{'Id': '399', 'Text': 'KEMET'}",399-8282-2-ND,CAP TANT 3.3UF 16V 10% 1206,26000,26000,0,0.08467,29 weeks,2000,2000,www.digikey.com/product-detail/en/kemet/T491A335K016AT/399-8282-2-ND/2336199,Tape & Reel (TR),Active,3.3µF,±10%,16V,Molded,5 Ohm,-55°C ~ 125°C,2000 Hrs @ 85°C,Surface Mount,1206 (3216 Metric),"0.126"" L x 0.063"" W (3.20mm x 1.60mm)","0.071"" (1.80mm)",-,A,General Purpose,-,Current market demand for these product types have resulted in fluctuating and extending lead times. Lead times may differ.,,,,,
"{'Id': '399', 'Text': 'KEMET'}",399-8282-1-ND,CAP TANT 3.3UF 16V 10% 1206,27071,0,0,0.39,29 weeks,1,1,www.digikey.com/product-detail/en/kemet/T491A335K016AT/399-8282-1-ND/3472005,Cut Tape (CT),Active,3.3µF,±10%,16V,Molded,5 Ohm,-55°C ~ 125°C,2000 Hrs @ 85°C,Surface Mount,1206 (3216 Metric),"0.126"" L x 0.063"" W (3.20mm x 1.60mm)","0.071"" (1.80mm)",-,A,General Purpose,-,Current market demand for these product types have resulted in fluctuating and extending lead times. Lead times may differ.,,,,,
"{'Id': '399', 'Text': 'KEMET'}",399-8282-6-ND,CAP TANT 3.3UF 16V 10% 1206,27071,0,0,0.39,29 weeks,1,1,www.digikey.com/product-detail/en/kemet/T491A335K016AT/399-8282-6-ND/3472813,Digi-Reel®,Active,3.3µF,±10%,16V,Molded,5 Ohm,-55°C ~ 125°C,2000 Hrs @ 85°C,Surface Mount,1206 (3216 Metric),"0.126"" L x 0.063"" W (3.20mm x 1.60mm)","0.071"" (1.80mm)",-,A,General Purpose,-,Current market demand for these product types have resulted in fluctuating and extending lead times. Lead times may differ.,,,,,
"{'Id': '399', 'Text': 'KEMET'}",399-9706-2-ND,CAP TANT 10UF 4V 10% 1206,2000,4000,0,0.08505,29 weeks,2000,2000,www.digikey.com/product-detail/en/kemet/T491A106K004AT/399-9706-2-ND/3724678,Tape & Reel (TR),Active,10µF,±10%,4V,Molded,6 Ohm,-55°C ~ 125°C,2000 Hrs @ 85°C,Surface Mount,1206 (3216 Metric),"0.126"" L x 0.063"" W (3.20mm x 1.60mm)","0.071"" (1.80mm)",-,A,General Purpose,-,Current market demand for these product types have resulted in fluctuating and extending lead times. Lead times may differ.,,,,,
"{'Id': '399', 'Text': 'KEMET'}",399-9706-1-ND,CAP TANT 10UF 4V 10% 1206,2675,0,0,0.39,29 weeks,1,1,www.digikey.com/product-detail/en/kemet/T491A106K004AT/399-9706-1-ND/3724703,Cut Tape (CT),Active,10µF,±10%,4V,Molded,6 Ohm,-55°C ~ 125°C,2000 Hrs @ 85°C,Surface Mount,1206 (3216 Metric),"0.126"" L x 0.063"" W (3.20mm x 1.60mm)","0.071"" (1.80mm)",-,A,General Purpose,-,Current market demand for these product types have resulted in fluctuating and extending lead times. Lead times may differ.,,,,,
"{'Id': '399', 'Text': 'KEMET'}",399-9706-6-ND,CAP TANT 10UF 4V 10% 1206,2675,0,0,0.39,29 weeks,1,1,www.digikey.com/product-detail/en/kemet/T491A106K004AT/399-9706-6-ND/3724679,Digi-Reel®,Active,10µF,±10%,4V,Molded,6 Ohm,-55°C ~ 125°C,2000 Hrs @ 85°C,Surface Mount,1206 (3216 Metric),"0.126"" L x 0.063"" W (3.20mm x 1.60mm)","0.071"" (1.80mm)",-,A,General Purpose,-,Current market demand for these product types have resulted in fluctuating and extending lead times. Lead times may differ.,,,,,
"{'Id': '478', 'Text': 'AVX Corporation'}",478-8122-2-ND,CAP TANT 1UF 10V 20% 0805,21000,9000,0,0.08562,8 weeks,3000,3000,www.digikey.com/product-detail/en/avx-corporation/F921A105MPA/478-8122-2-ND/4005075,Tape & Reel (TR),Active,1µF,±20%,10V,Molded,12 Ohm,-55°C ~ 125°C,-,Surface Mount,0805 (2012 Metric),"0.079"" L x 0.049"" W (2.00mm x 1.25mm)","0.039"" (1.00mm)",-,P,General Purpose,-,Current market demand for these product types have resulted in fluctuating and extending lead times. Lead times may differ.,,,,,
"{'Id': '478', 'Text': 'AVX Corporation'}",478-8122-1-ND,CAP TANT 1UF 10V 20% 0805,22056,0,0,0.39,8 weeks,1,1,www.digikey.com/product-detail/en/avx-corporation/F921A105MPA/478-8122-1-ND/4005670,Cut Tape (CT),Active,1µF,±20%,10V,Molded,12 Ohm,-55°C ~ 125°C,-,Surface Mount,0805 (2012 Metric),"0.079"" L x 0.049"" W (2.00mm x 1.25mm)","0.039"" (1.00mm)",-,P,General Purpose,-,Current market demand for these product types have resulted in fluctuating and extending lead times. Lead times may differ.,,,,,
"{'Id': '478', 'Text': 'AVX Corporation'}",478-8122-6-ND,CAP TANT 1UF 10V 20% 0805,22056,0,0,0.39,8 weeks,1,1,www.digikey.com/product-detail/en/avx-corporation/F921A105MPA/478-8122-6-ND/4006265,Digi-Reel®,Active,1µF,±20%,10V,Molded,12 Ohm,-55°C ~ 125°C,-,Surface Mount,0805 (2012 Metric),"0.079"" L x 0.049"" W (2.00mm x 1.25mm)","0.039"" (1.00mm)",-,P,General Purpose,-,Current market demand for these product types have resulted in fluctuating and extending lead times. Lead times may differ.,,,,,
"{'Id': '478', 'Text': 'AVX Corporation'}",478-8123-2-ND,CAP TANT 2.2UF 10V 20% 0805,9000,9000,0,0.08562,8 weeks,3000,3000,www.digikey.com/product-detail/en/avx-corporation/F921A225MPA/478-8123-2-ND/4005090,Tape & Reel (TR),Active,2.2µF,±20%,10V,Molded,12 Ohm,-55°C ~ 125°C,-,Surface Mount,0805 (2012 Metric),"0.079"" L x 0.049"" W (2.00mm x 1.25mm)","0.039"" (1.00mm)",-,P,General Purpose,-,Current market demand for these product types have resulted in fluctuating and extending lead times. Lead times may differ.,,,,,
"{'Id': '478', 'Text': 'AVX Corporation'}",478-8123-1-ND,CAP TANT 2.2UF 10V 20% 0805,10082,0,0,0.39,8 weeks,1,1,www.digikey.com/product-detail/en/avx-corporation/F921A225MPA/478-8123-1-ND/4005685,Cut Tape (CT),Active,2.2µF,±20%,10V,Molded,12 Ohm,-55°C ~ 125°C,-,Surface Mount,0805 (2012 Metric),"0.079"" L x 0.049"" W (2.00mm x 1.25mm)","0.039"" (1.00mm)",-,P,General Purpose,-,Current market demand for these product types have resulted in fluctuating and extending lead times. Lead times may differ.,,,,,
"{'Id': '478', 'Text': 'AVX Corporation'}",478-8123-6-ND,CAP TANT 2.2UF 10V 20% 0805,10082,0,0,0.39,8 weeks,1,1,www.digikey.com/product-detail/en/avx-corporation/F921A225MPA/478-8123-6-ND/4006280,Digi-Reel®,Active,2.2µF,±20%,10V,Molded,12 Ohm,-55°C ~ 125°C,-,Surface Mount,0805 (2012 Metric),"0.079"" L x 0.049"" W (2.00mm x 1.25mm)","0.039"" (1.00mm)",-,P,General Purpose,-,Current market demand for these product types have resulted in fluctuating and extending lead times. Lead times may differ.,,,,,
"{'Id': '478', 'Text': 'AVX Corporation'}",478-8126-2-ND,CAP TANT 1UF 16V 20% 0805,3000,54000,0,0.08562,8 weeks,3000,3000,www.digikey.com/product-detail/en/avx-corporation/F921C105MPA/478-8126-2-ND/4004989,Tape & Reel (TR),Active,1µF,±20%,16V,Molded,12 Ohm,-55°C ~ 125°C,-,Surface Mount,0805 (2012 Metric),"0.079"" L x 0.049"" W (2.00mm x 1.25mm)","0.039"" (1.00mm)",-,P,General Purpose,-,Current market demand for these product types have resulted in fluctuating and extending lead times. Lead times may differ.,,,,,
"{'Id': '478', 'Text': 'AVX Corporation'}",478-8126-1-ND,CAP TANT 1UF 16V 20% 0805,3043,0,0,0.39,8 weeks,1,1,www.digikey.com/product-detail/en/avx-corporation/F921C105MPA/478-8126-1-ND/4005584,Cut Tape (CT),Active,1µF,±20%,16V,Molded,12 Ohm,-55°C ~ 125°C,-,Surface Mount,0805 (2012 Metric),"0.079"" L x 0.049"" W (2.00mm x 1.25mm)","0.039"" (1.00mm)",-,P,General Purpose,-,Current market demand for these product types have resulted in fluctuating and extending lead times. Lead times may differ.,,,,,
"{'Id': '478', 'Text': 'AVX Corporation'}",478-8126-6-ND,CAP TANT 1UF 16V 20% 0805,3043,0,0,0.39,8 weeks,1,1,www.digikey.com/product-detail/en/avx-corporation/F921C105MPA/478-8126-6-ND/4006179,Digi-Reel®,Active,1µF,±20%,16V,Molded,12 Ohm,-55°C ~ 125°C,-,Surface Mount,0805 (2012 Metric),"0.079"" L x 0.049"" W (2.00mm x 1.25mm)","0.039"" (1.00mm)",-,P,General Purpose,-,Current market demand for these product types have resulted in fluctuating and extending lead times. Lead times may differ.,,,,,
"{'Id': '478', 'Text': 'AVX Corporation'}",478-8118-2-ND,CAP TANT 2.2UF 6.3V 20% 0805,3000,0,0,0.08562,8 weeks,3000,3000,www.digikey.com/product-detail/en/avx-corporation/F920J225MPA/478-8118-2-ND/4005202,Tape & Reel (TR),Active,2.2µF,±20%,6.3V,Molded,12 Ohm,-55°C ~ 125°C,-,Surface Mount,0805 (2012 Metric),"0.079"" L x 0.049"" W (2.00mm x 1.25mm)","0.039"" (1.00mm)",-,P,General Purpose,-,Current market demand for these product types have resulted in fluctuating and extending lead times. Lead times may differ.,,,,,
"{'Id': '478', 'Text': 'AVX Corporation'}",478-8118-1-ND,CAP TANT 2.2UF 6.3V 20% 0805,4688,0,0,0.39,8 weeks,1,1,www.digikey.com/product-detail/en/avx-corporation/F920J225MPA/478-8118-1-ND/4005797,Cut Tape (CT),Active,2.2µF,±20%,6.3V,Molded,12 Ohm,-55°C ~ 125°C,-,Surface Mount,0805 (2012 Metric),"0.079"" L x 0.049"" W (2.00mm x 1.25mm)","0.039"" (1.00mm)",-,P,General Purpose,-,Current market demand for these product types have resulted in fluctuating and extending lead times. Lead times may differ.,,,,,
"{'Id': '478', 'Text': 'AVX Corporation'}",478-8118-6-ND,CAP TANT 2.2UF 6.3V 20% 0805,4688,0,0,0.39,8 weeks,1,1,www.digikey.com/product-detail/en/avx-corporation/F920J225MPA/478-8118-6-ND/4006392,Digi-Reel®,Active,2.2µF,±20%,6.3V,Molded,12 Ohm,-55°C ~ 125°C,-,Surface Mount,0805 (2012 Metric),"0.079"" L x 0.049"" W (2.00mm x 1.25mm)","0.039"" (1.00mm)",-,P,General Purpose,-,Current market demand for these product types have resulted in fluctuating and extending lead times. Lead times may differ.,,,,,
"{'Id': '399', 'Text': 'KEMET'}",399-9713-2-ND,CAP TANT 0.33UF 35V 20% 1206,6000,4000,0,0.08581,30 weeks,2000,2000,www.digikey.com/product-detail/en/kemet/T491A334M035AT/399-9713-2-ND/3724819,Tape & Reel (TR),Active,0.33µF,±20%,35V,Molded,15 Ohm,-55°C ~ 125°C,2000 Hrs @ 85°C,Surface Mount,1206 (3216 Metric),"0.126"" L x 0.063"" W (3.20mm x 1.60mm)","0.071"" (1.80mm)",-,A,General Purpose,-,Current market demand for these product types have resulted in fluctuating and extending lead times. Lead times may differ.,,,,,
"{'Id': '399', 'Text': 'KEMET'}",399-9713-1-ND,CAP TANT 0.33UF 35V 20% 1206,7575,0,0,0.39,30 weeks,1,1,www.digikey.com/product-detail/en/kemet/T491A334M035AT/399-9713-1-ND/3724892,Cut Tape (CT),Active,0.33µF,±20%,35V,Molded,15 Ohm,-55°C ~ 125°C,2000 Hrs @ 85°C,Surface Mount,1206 (3216 Metric),"0.126"" L x 0.063"" W (3.20mm x 1.60mm)","0.071"" (1.80mm)",-,A,General Purpose,-,Current market demand for these product types have resulted in fluctuating and extending lead times. Lead times may differ.,,,,,
"{'Id': '399', 'Text': 'KEMET'}",399-9713-6-ND,CAP TANT 0.33UF 35V 20% 1206,7575,0,0,0.39,30 weeks,1,1,www.digikey.com/product-detail/en/kemet/T491A334M035AT/399-9713-6-ND/3724895,Digi-Reel®,Active,0.33µF,±20%,35V,Molded,15 Ohm,-55°C ~ 125°C,2000 Hrs @ 85°C,Surface Mount,1206 (3216 Metric),"0.126"" L x 0.063"" W (3.20mm x 1.60mm)","0.071"" (1.80mm)",-,A,General Purpose,-,Current market demand for these product types have resulted in fluctuating and extending lead times. Lead times may differ.,,,,,
"{'Id': '399', 'Text': 'KEMET'}",399-10123-2-ND,CAP TANT 0.33UF 25V 10% 1206,26000,0,0,0.08656,29 weeks,2000,2000,www.digikey.com/product-detail/en/kemet/T491A334K025AT/399-10123-2-ND/3759602,Tape & Reel (TR),Active,0.33µF,±10%,25V,Molded,15 Ohm,-55°C ~ 125°C,2000 Hrs @ 85°C,Surface Mount,1206 (3216 Metric),"0.126"" L x 0.063"" W (3.20mm x 1.60mm)","0.071"" (1.80mm)",-,A,General Purpose,-,Current market demand for these product types have resulted in fluctuating and extending lead times. Lead times may differ.,,,,,
"{'Id': '399', 'Text': 'KEMET'}",399-10123-1-ND,CAP TANT 0.33UF 25V 10% 1206,27655,0,0,0.4,29 weeks,1,1,www.digikey.com/product-detail/en/kemet/T491A334K025AT/399-10123-1-ND/3759240,Cut Tape (CT),Active,0.33µF,±10%,25V,Molded,15 Ohm,-55°C ~ 125°C,2000 Hrs @ 85°C,Surface Mount,1206 (3216 Metric),"0.126"" L x 0.063"" W (3.20mm x 1.60mm)","0.071"" (1.80mm)",-,A,General Purpose,-,Current market demand for these product types have resulted in fluctuating and extending lead times. Lead times may differ.,,,,,
"{'Id': '399', 'Text': 'KEMET'}",399-10123-6-ND,CAP TANT 0.33UF 25V 10% 1206,27655,0,0,0.4,29 weeks,1,1,www.digikey.com/product-detail/en/kemet/T491A334K025AT/399-10123-6-ND/3759421,Digi-Reel®,Active,0.33µF,±10%,25V,Molded,15 Ohm,-55°C ~ 125°C,2000 Hrs @ 85°C,Surface Mount,1206 (3216 Metric),"0.126"" L x 0.063"" W (3.20mm x 1.60mm)","0.071"" (1.80mm)",-,A,General Purpose,-,Current market demand for these product types have resulted in fluctuating and extending lead times. Lead times may differ.,,,,,
"{'Id': '478', 'Text': 'AVX Corporation'}",478-8120-2-ND,CAP TANT 4.7UF 6.3V 20% 0805,15000,0,0,0.08656,8 weeks,3000,3000,www.digikey.com/product-detail/en/avx-corporation/F920J475MPA/478-8120-2-ND/4005079,Tape & Reel (TR),Active,4.7µF,±20%,6.3V,Molded,6 Ohm,-55°C ~ 125°C,-,Surface Mount,0805 (2012 Metric),"0.079"" L x 0.049"" W (2.00mm x 1.25mm)","0.039"" (1.00mm)",-,P,General Purpose,-,Current market demand for these product types have resulted in fluctuating and extending lead times. Lead times may differ.,,,,,
"{'Id': '478', 'Text': 'AVX Corporation'}",478-8120-1-ND,CAP TANT 4.7UF 6.3V 20% 0805,17740,0,0,0.4,8 weeks,1,1,www.digikey.com/product-detail/en/avx-corporation/F920J475MPA/478-8120-1-ND/4005674,Cut Tape (CT),Active,4.7µF,±20%,6.3V,Molded,6 Ohm,-55°C ~ 125°C,-,Surface Mount,0805 (2012 Metric),"0.079"" L x 0.049"" W (2.00mm x 1.25mm)","0.039"" (1.00mm)",-,P,General Purpose,-,Current market demand for these product types have resulted in fluctuating and extending lead times. Lead times may differ.,,,,,
